timestamp,datetime,raw_gaze_position_x,raw_gaze_position_y,calibrated_gaze_position_x,calibrated_gaze_position_y,filtered_gaze_position_x,filtered_gaze_position_y,left_eye_openness,right_eye_openness,tracking_status,status,event,trigger
1783928282282559000,2026-07-13 15:38:02.282559,1.8992431163787842,-8.823904991149902,1337.8203392028809,769.5298194885254,1337.8203392028809,769.5298194885254,12.5,11.5,1,1,0,0
1783928282382782100,2026-07-13 15:38:02.382782,2.1738266944885254,-9.603894233703613,1505.7089805603027,1103.5231351852417,1505.7089805603027,1103.5231351852417,12.0,10.5,1,1,0,0
1783928282483929400,2026-07-13 15:38:02.483929,1.9674192667007446,-10.244685173034668,1246.1181640625,1005.5276155471802,1246.1181640625,1005.5276155471802,0.5,5.0,1,1,0,0
1783928282585015500,2026-07-13 15:38:02.585016,1.737417221069336,-10.012337684631348,1089.8285865783691,1155.1777124404907,1089.8285865783691,1155.1777124404907,3.0,5.0,1,1,0,0
1783928282685484800,2026-07-13 15:38:02.685485,1.7139216661453247,-9.25373363494873,1070.294189453125,1047.0197200775146,1070.294189453125,1047.0197200775146,4.0,5.0,1,1,0,0
1783928282786428700,2026-07-13 15:38:02.786429,2.035309076309204,-8.346687316894531,1129.6713829040527,672.5011467933655,1129.6713829040527,672.5011467933655,7.0,11.0,1,1,0,0
1783928282887443800,2026-07-13 15:38:02.887444,2.5093648433685303,-8.953286170959473,1224.8359680175781,778.9636254310608,1224.8359680175781,778.9636254310608,15.5,8.5,1,1,0,0
1783928282987655900,2026-07-13 15:38:02.987656,2.296640157699585,-9.224610328674316,1027.5309562683105,715.3162956237793,1224.8359680175781,778.9636254310608,14.0,8.5,1,1,0,0
1783928283090156800,2026-07-13 15:38:03.090157,2.384181261062622,-9.391106605529785,1156.266975402832,642.3375010490417,1224.8359680175781,778.9636254310608,16.0,10.5,1,1,0,0
1783928283189484300,2026-07-13 15:38:03.189484,2.0953667163848877,-8.780669212341309,1190.079689025879,484.35091972351074,1224.8359680175781,778.9636254310608,17.0,10.0,1,1,0,0
1783928283290211200,2026-07-13 15:38:03.290211,2.0934298038482666,-8.316011428833008,1473.9348411560059,452.98317074775696,1224.8359680175781,715.3162956237793,13.5,15.0,1,1,0,0
1783928283391728900,2026-07-13 15:38:03.391729,1.714940071105957,-9.067822456359863,1423.886489868164,545.5029606819153,1224.8359680175781,642.3375010490417,15.0,13.0,1,1,0,0
1783928283492701800,2026-07-13 15:38:03.492702,1.9016178846359253,-8.8550443649292,1208.5500717163086,509.77402925491333,1224.8359680175781,545.5029606819153,15.5,12.0,1,1,0,0
1783928283591978100,2026-07-13 15:38:03.591978,2.070723533630371,-9.31855297088623,1243.0949211120605,755.907416343689,1224.8359680175781,715.3162956237793,15.5,13.0,1,1,0,0
1783928283692962600,2026-07-13 15:38:03.692963,2.2347476482391357,-9.189801216125488,1279.8996925354004,795.0699329376221,1224.8359680175781,642.3375010490417,15.5,12.5,1,1,0,0
1783928283793936200,2026-07-13 15:38:03.793936,2.0553736686706543,-8.681550979614258,1280.36527633667,726.2298464775085,1224.8359680175781,715.3162956237793,16.5,15.0,1,1,0,0
1783928283895117200,2026-07-13 15:38:03.895117,2.046921730041504,-12.101122856140137,1698.6703872680664,1225.7453203201294,1243.0949211120605,726.2298464775085,16.5,9.0,1,1,0,0
1783928283996475300,2026-07-13 15:38:03.996475,1.7224159240722656,-11.488154411315918,1393.5120582580566,998.2184767723083,1279.8996925354004,726.2298464775085,16.5,8.5,1,1,0,0
1783928284095347800,2026-07-13 15:38:04.095348,1.4934055805206299,-8.653352737426758,1110.6995582580566,544.6926951408386,1224.8359680175781,715.3162956237793,17.5,6.5,1,1,0,0
1783928284197125400,2026-07-13 15:38:04.197125,1.1749255657196045,-8.12755012512207,1358.3946228027344,493.6610162258148,1279.8996925354004,726.2298464775085,15.0,10.5,1,1,0,0
1783928284297240900,2026-07-13 15:38:04.297241,1.3887449502944946,-8.183377265930176,1458.9227676391602,448.409765958786,1279.8996925354004,715.3162956237793,19.5,13.5,1,1,0,0
1783928284400549600,2026-07-13 15:38:04.400550,1.7251321077346802,-9.507689476013184,1541.6498184204102,715.0829434394836,1279.8996925354004,715.0829434394836,15.5,15.0,1,1,0,0
1783928284497816300,2026-07-13 15:38:04.497816,1.2698041200637817,-7.392708778381348,1512.7872467041016,507.6032280921936,1358.3946228027344,715.0829434394836,11.0,10.5,1,1,0,0
1783928284600559400,2026-07-13 15:38:04.600559,1.2337284088134766,-7.406829357147217,1273.0345726013184,291.12714529037476,1279.8996925354004,715.0829434394836,9.5,12.5,1,1,0,0
1783928284702452600,2026-07-13 15:38:04.702452,1.8669533729553223,-8.613062858581543,1283.8119506835938,769.4486975669861,1283.8119506835938,715.0829434394836,11.5,20.0,1,1,0,0
1783928284801914200,2026-07-13 15:38:04.801914,1.7146731615066528,-8.59659481048584,1381.760025024414,697.9017853736877,1358.3946228027344,715.0829434394836,11.0,14.0,1,1,0,0
1783928284902445400,2026-07-13 15:38:04.902445,1.5635864734649658,-8.403984069824219,1427.2493362426758,587.1411561965942,1283.8119506835938,715.0829434394836,18.5,13.0,1,1,0,0
1783928285003802200,2026-07-13 15:38:05.003802,1.5414258241653442,-8.953349113464355,1517.268943786621,555.3768873214722,1358.3946228027344,715.0829434394836,25.0,12.5,1,1,0,0
1783928285104176500,2026-07-13 15:38:05.104176,1.7698308229446411,-9.100510597229004,1435.8068466186523,880.8414340019226,1381.760025024414,715.0829434394836,14.5,12.5,1,1,0,0
1783928285204412500,2026-07-13 15:38:05.204412,1.739211916923523,-9.34957504272461,1465.8095359802246,859.244167804718,1427.2493362426758,715.0829434394836,22.5,13.5,1,1,0,0
1783928285308708300,2026-07-13 15:38:05.308708,1.8414536714553833,-8.370189666748047,1549.0318298339844,548.45130443573,1435.8068466186523,715.0829434394836,18.0,13.5,1,1,0,0
1783928285407097200,2026-07-13 15:38:05.407097,1.5276597738265991,-9.292473793029785,1448.2398986816406,887.1528506278992,1435.8068466186523,715.0829434394836,16.0,16.0,1,1,0,0
1783928285509469500,2026-07-13 15:38:05.509470,2.10764217376709,-9.708653450012207,1368.01118850708,999.4308352470398,1427.2493362426758,715.0829434394836,18.0,12.5,1,1,0,0
1783928285610303700,2026-07-13 15:38:05.610304,1.7537215948104858,-9.063715934753418,1411.130428314209,521.945059299469,1435.8068466186523,715.0829434394836,23.0,16.5,1,1,0,0
1783928285710384300,2026-07-13 15:38:05.710384,1.9852871894836426,-10.30234432220459,1377.3341178894043,753.0198097229004,1427.2493362426758,715.0829434394836,9.5,14.5,1,1,0,0
1783928285810543400,2026-07-13 15:38:05.810543,2.019972085952759,-10.30572509765625,1456.4383506774902,829.480767250061,1427.2493362426758,715.0829434394836,11.5,15.0,1,1,0,0
1783928285913695500,2026-07-13 15:38:05.913696,1.888140082359314,-8.587822914123535,1463.8904571533203,809.6697330474854,1435.8068466186523,715.0829434394836,19.5,15.0,1,1,0,0
1783928286012324600,2026-07-13 15:38:06.012325,1.775041937828064,-8.771231651306152,1328.4552574157715,513.1443738937378,1427.2493362426758,715.0829434394836,17.5,13.5,1,1,0,0
1783928286115309700,2026-07-13 15:38:06.115310,1.7230477333068848,-9.004691123962402,1190.1169776916504,530.3810238838196,1427.2493362426758,715.0829434394836,17.5,13.5,1,1,0,0
1783928286215019900,2026-07-13 15:38:06.215020,2.2443339824676514,-9.858577728271484,1338.7731552124023,735.7741594314575,1427.2493362426758,715.0829434394836,17.5,14.5,1,1,0,0
1783928286314894000,2026-07-13 15:38:06.314894,1.8472753763198853,-9.035386085510254,1458.0400466918945,726.7441749572754,1427.2493362426758,715.0829434394836,17.0,11.0,1,1,0,0
1783928286416839500,2026-07-13 15:38:06.416839,1.477039098739624,-9.365046501159668,1255.0174713134766,706.183671951294,1427.2493362426758,715.0829434394836,15.5,8.5,1,1,0,0
1783928286516971600,2026-07-13 15:38:06.516972,1.7740622758865356,-9.448447227478027,1305.3043365478516,703.1012773513794,1427.2493362426758,715.0829434394836,16.0,8.5,1,1,0,0
1783928286617864500,2026-07-13 15:38:06.617864,1.469983458518982,-9.619799613952637,1505.6023597717285,846.4877605438232,1427.2493362426758,715.0829434394836,18.0,11.0,1,1,0,0
1783928286719327400,2026-07-13 15:38:06.719327,1.2473591566085815,-10.866616249084473,1735.678482055664,990.8385276794434,1427.2493362426758,715.0829434394836,10.5,9.0,1,1,0,0
1783928286819444100,2026-07-13 15:38:06.819444,1.4843804836273193,-10.890765190124512,1579.1877746582031,1041.6706800460815,1427.2493362426758,715.0829434394836,11.5,8.5,1,1,0,0
1783928286921932900,2026-07-13 15:38:06.921933,1.6342003345489502,-9.809514045715332,1449.4690895080566,967.0723676681519,1449.4690895080566,846.4877605438232,13.0,7.5,1,1,0,0
1783928287023193300,2026-07-13 15:38:07.023193,1.3293612003326416,-7.676567554473877,1248.3766555786133,479.05945777893066,1427.2493362426758,715.0829434394836,15.0,10.5,1,1,0,0
1783928287121453200,2026-07-13 15:38:07.121453,1.582773208618164,-9.247485160827637,1336.3940238952637,620.7884550094604,1427.2493362426758,715.0829434394836,14.0,15.0,1,1,0,0
1783928287222842800,2026-07-13 15:38:07.222843,1.3417476415634155,-9.423735618591309,1484.9231719970703,928.6394119262695,1449.4690895080566,846.4877605438232,11.0,6.0,1,1,0,0
1783928287323515100,2026-07-13 15:38:07.323515,1.6461291313171387,-10.738097190856934,1489.5824432373047,1109.613299369812,1427.2493362426758,715.0829434394836,8.5,2.0,1,1,0,0
1783928287424441700,2026-07-13 15:38:07.424442,1.8565378189086914,-10.711014747619629,1426.9485473632812,1053.7834167480469,1427.2493362426758,846.4877605438232,7.5,1.5,1,1,0,0
1783928287525394800,2026-07-13 15:38:07.525395,1.4653156995773315,-10.741738319396973,1423.0531692504883,1010.6959342956543,1427.2493362426758,928.6394119262695,8.5,0.0,1,1,0,0
1783928287627829400,2026-07-13 15:38:07.627830,1.7057580947875977,-8.049571990966797,1297.498893737793,529.2169451713562,1427.2493362426758,715.0829434394836,18.5,3.0,1,1,0,0
1783928287727192900,2026-07-13 15:38:07.727193,1.884660005569458,-7.656739234924316,1384.242057800293,545.6153750419617,1426.9485473632812,846.4877605438232,16.5,8.5,1,1,0,0
1783928287826541000,2026-07-13 15:38:07.826541,1.5536550283432007,-7.669013023376465,1581.9806098937988,398.198664188385,1427.2493362426758,715.0829434394836,19.5,9.0,1,1,0,0
1783928287927902600,2026-07-13 15:38:07.927903,1.8519524335861206,-9.561951637268066,1491.569423675537,804.1499853134155,1427.2493362426758,715.0829434394836,19.0,10.5,1,1,0,0
1783928288028934400,2026-07-13 15:38:08.028934,2.106370687484741,-9.351076126098633,1405.5213928222656,765.4239535331726,1426.9485473632812,765.4239535331726,19.5,15.0,1,1,0,0
1783928288130983700,2026-07-13 15:38:08.130984,1.6600916385650635,-9.900256156921387,1611.0952377319336,861.5792989730835,1427.2493362426758,765.4239535331726,15.0,10.5,1,1,0,0
1783928288231071300,2026-07-13 15:38:08.231071,1.6268545389175415,-10.369943618774414,1498.4427452087402,969.7003364562988,1427.2493362426758,765.4239535331726,9.5,4.5,1,1,0,0
1783928288332132300,2026-07-13 15:38:08.332132,1.6775919198989868,-10.0204439163208,1445.9245681762695,889.5043730735779,1427.2493362426758,765.4239535331726,11.0,4.5,1,1,0,0
1783928288432385900,2026-07-13 15:38:08.432386,1.591189980506897,-10.067450523376465,1396.6535568237305,991.999626159668,1427.2493362426758,861.5792989730835,16.5,5.0,1,1,0,0
1783928288532098900,2026-07-13 15:38:08.532099,1.4643324613571167,-9.370532035827637,1322.4556922912598,834.6931338310242,1427.2493362426758,834.6931338310242,11.0,6.0,1,1,0,0
1783928288633911200,2026-07-13 15:38:08.633911,1.4946961402893066,-10.022330284118652,1356.4088821411133,908.3874821662903,1427.2493362426758,861.5792989730835,10.0,8.0,1,1,0,0
1783928288734456900,2026-07-13 15:38:08.734457,1.5707595348358154,-10.669596672058105,1238.9286041259766,1067.272663116455,1396.6535568237305,861.5792989730835,9.5,3.0,1,1,0,0
1783928288835755500,2026-07-13 15:38:08.835756,1.2330517768859863,-7.859357833862305,1218.9391136169434,515.8844590187073,1356.4088821411133,834.6931338310242,12.0,10.5,1,1,0,0
1783928288937657900,2026-07-13 15:38:08.937658,1.6163617372512817,-7.724002838134766,1220.4480171203613,413.05115818977356,1356.4088821411133,861.5792989730835,13.0,9.5,1,1,0,0
1783928289040259500,2026-07-13 15:38:09.040260,1.6416205167770386,-8.527183532714844,1470.442771911621,759.6111297607422,1396.6535568237305,834.6931338310242,14.0,13.0,1,1,0,0
1783928289140616700,2026-07-13 15:38:09.140617,1.4217041730880737,-8.6525239944458,1557.401180267334,723.0937480926514,1356.4088821411133,759.6111297607422,10.0,5.5,1,1,0,0
1783928289241017900,2026-07-13 15:38:09.241018,1.4085007905960083,-9.576188087463379,1471.6386795043945,801.1682033538818,1396.6535568237305,801.1682033538818,8.0,7.0,1,1,0,0
1783928289341015300,2026-07-13 15:38:09.341015,1.046894907951355,-10.907207489013672,1128.227710723877,1132.7693462371826,1396.6535568237305,834.6931338310242,14.0,3.0,1,1,0,0
1783928289444386700,2026-07-13 15:38:09.444387,0.33545172214508057,-11.203757286071777,752.4752140045166,981.3807606697083,1356.4088821411133,801.1682033538818,10.5,1.0,1,1,0,0
1783928289543199600,2026-07-13 15:38:09.543200,0.890315592288971,-10.716609954833984,1049.1936683654785,1071.8945264816284,1356.4088821411133,834.6931338310242,15.5,3.0,1,1,0,0
1783928289644517700,2026-07-13 15:38:09.644518,1.5765849351882935,-10.159746170043945,1171.675968170166,918.0420637130737,1171.675968170166,918.0420637130737,14.5,4.0,1,1,0,0
1783928289744164200,2026-07-13 15:38:09.744164,1.777902603149414,-11.116854667663574,1197.3657608032227,1039.602518081665,1197.3657608032227,918.0420637130737,11.5,0.5,1,1,0,0
1783928289848067200,2026-07-13 15:38:09.848067,1.692254662513733,-11.349137306213379,1087.7811431884766,1059.116244316101,1171.675968170166,918.0420637130737,14.0,2.0,1,1,0,0
1783928289947884700,2026-07-13 15:38:09.947885,1.6986075639724731,-11.968302726745605,1325.6587028503418,1098.908543586731,1171.675968170166,918.0420637130737,8.5,2.5,1,1,0,0
1783928290047431000,2026-07-13 15:38:10.047431,1.9579988718032837,-12.342312812805176,1407.2009086608887,1183.4790706634521,1197.3657608032227,1039.602518081665,10.5,2.5,1,1,0,0
1783928290150299900,2026-07-13 15:38:10.150300,2.4242851734161377,-11.754429817199707,1439.8442268371582,1302.5363683700562,1197.3657608032227,1059.116244316101,13.0,6.0,1,1,0,0
1783928290251864800,2026-07-13 15:38:10.251865,2.090458631515503,-11.621086120605469,1653.5009384155273,1248.109221458435,1325.6587028503418,1098.908543586731,5.5,4.5,1,1,0,0
1783928290351416100,2026-07-13 15:38:10.351416,1.4526548385620117,-8.694727897644043,1474.9998092651367,677.119791507721,1407.2009086608887,1039.602518081665,14.0,14.5,1,1,0,0
1783928290452064100,2026-07-13 15:38:10.452064,1.6614232063293457,-8.672566413879395,1281.4277648925781,704.1253447532654,1281.4277648925781,1059.116244316101,10.0,9.0,1,1,0,0
1783928290551698200,2026-07-13 15:38:10.551698,1.4446148872375488,-9.890859603881836,1328.7617683410645,996.8148469924927,1328.7617683410645,1039.602518081665,5.5,11.0,1,1,0,0
1783928290653540300,2026-07-13 15:38:10.653540,1.6923437118530273,-11.302518844604492,1488.6492729187012,1175.1152276992798,1407.2009086608887,1039.602518081665,10.0,7.5,1,1,0,0
1783928290753947200,2026-07-13 15:38:10.753947,1.707330584526062,-11.449069023132324,1496.9850540161133,1190.3949975967407,1328.7617683410645,1059.116244316101,10.5,6.0,1,1,0,0
1783928290856572900,2026-07-13 15:38:10.856573,1.9851940870285034,-11.700959205627441,1437.23783493042,1246.141791343689,1407.2009086608887,1059.116244316101,10.5,7.5,1,1,0,0
1783928290957589300,2026-07-13 15:38:10.957589,2.007472276687622,-11.76397705078125,1404.3654441833496,1139.129400253296,1407.2009086608887,1139.129400253296,10.5,7.0,1,1,0,0
1783928291057325100,2026-07-13 15:38:11.057325,2.0121853351593018,-11.785431861877441,1484.8774909973145,1296.3496446609497,1407.2009086608887,1139.129400253296,13.5,2.5,1,1,0,0
1783928291160229300,2026-07-13 15:38:11.160229,1.5785080194473267,-11.448995590209961,1337.7252578735352,1149.5897769927979,1407.2009086608887,1139.129400253296,9.5,5.0,1,1,0,0
1783928291260203500,2026-07-13 15:38:11.260204,1.959580659866333,-11.10987663269043,1583.6045265197754,1296.777606010437,1407.2009086608887,1139.129400253296,11.0,6.5,1,1,0,0
1783928291361034900,2026-07-13 15:38:11.361035,2.115800619125366,-10.58501148223877,1442.0702934265137,1168.0889129638672,1407.2009086608887,1149.5897769927979,7.0,4.0,1,1,0,0
1783928291461889900,2026-07-13 15:38:11.461890,2.1507761478424072,-10.668168067932129,1464.7690773010254,1174.6598482131958,1407.2009086608887,1149.5897769927979,11.0,9.0,1,1,0,0
1783928291563041000,2026-07-13 15:38:11.563041,2.0492329597473145,-11.240828514099121,1369.791603088379,1356.1291694641113,1407.2009086608887,1168.0889129638672,2.5,4.0,1,1,0,0
1783928291663498900,2026-07-13 15:38:11.663499,1.2463040351867676,-9.754962921142578,1215.0513648986816,820.3648328781128,1407.2009086608887,1149.5897769927979,3.0,2.5,1,1,0,0
1783928291763194500,2026-07-13 15:38:11.763195,1.2276489734649658,-9.47166919708252,1074.0193367004395,779.324471950531,1407.2009086608887,1149.5897769927979,7.0,1.0,1,1,0,0
1783928291863906600,2026-07-13 15:38:11.863907,1.2494643926620483,-10.173452377319336,1142.9027557373047,967.6047563552856,1369.791603088379,1149.5897769927979,5.5,0.5,1,1,0,0
1783928291965046400,2026-07-13 15:38:11.965046,0.756883978843689,-10.290811538696289,870.8134651184082,954.9363851547241,1215.0513648986816,967.6047563552856,2.5,1.0,1,1,0,0
1783928292066571000,2026-07-13 15:38:12.066571,0.8927978873252869,-9.698859214782715,984.854793548584,894.9507474899292,1142.9027557373047,967.6047563552856,3.0,3.5,1,1,0,0
1783928292167283800,2026-07-13 15:38:12.167284,0.9897102117538452,-9.172957420349121,890.8609390258789,869.7351217269897,1142.9027557373047,967.6047563552856,7.0,2.5,1,1,0,0
1783928292269250600,2026-07-13 15:38:12.269251,0.7254238724708557,-8.834009170532227,856.6221237182617,673.6860275268555,984.854793548584,954.9363851547241,7.0,5.5,1,1,0,0
1783928292368483200,2026-07-13 15:38:12.368483,1.191092848777771,-7.221493244171143,1102.1952629089355,396.04651927948,1102.1952629089355,894.9507474899292,9.5,8.0,1,1,0,0
1783928292469262200,2026-07-13 15:38:12.469262,0.8926971554756165,-7.2820515632629395,1187.7325057983398,409.9093973636627,1142.9027557373047,869.7351217269897,12.0,7.5,1,1,0,0
1783928292569472400,2026-07-13 15:38:12.569473,1.4511560201644897,-7.289157867431641,1212.9084587097168,431.1027228832245,1102.1952629089355,673.6860275268555,14.0,10.5,1,1,0,0
1783928292670109000,2026-07-13 15:38:12.670109,1.6118732690811157,-6.894733905792236,1167.6307678222656,374.61599707603455,1142.9027557373047,431.1027228832245,13.5,8.0,1,1,0,0
1783928292773631600,2026-07-13 15:38:12.773632,1.3286268711090088,-8.800755500793457,1324.1583824157715,558.4329962730408,1167.6307678222656,558.4329962730408,15.5,13.5,1,1,0,0
1783928292872616800,2026-07-13 15:38:12.872617,1.5362850427627563,-8.82685375213623,1188.0804061889648,695.6126689910889,1167.6307678222656,673.6860275268555,15.5,5.0,1,1,0,0
1783928292971518500,2026-07-13 15:38:12.971519,1.3294122219085693,-9.027602195739746,1088.053798675537,729.8773527145386,1142.9027557373047,558.4329962730408,11.0,2.5,1,1,0,0
1783928293072332700,2026-07-13 15:38:13.072333,1.3405005931854248,-9.092360496520996,1225.9533882141113,711.0746502876282,1167.6307678222656,673.6860275268555,8.5,7.5,1,1,0,0
1783928293175290800,2026-07-13 15:38:13.175291,0.5470811724662781,-11.058334350585938,937.1871948242188,1145.1280117034912,1167.6307678222656,695.6126689910889,8.5,2.5,1,1,0,0
1783928293274994900,2026-07-13 15:38:13.274995,1.7683894634246826,-11.394621849060059,1393.3136940002441,1245.1152801513672,1167.6307678222656,711.0746502876282,9.5,8.0,1,1,0,0
1783928293376945300,2026-07-13 15:38:13.376945,2.1859471797943115,-12.07308292388916,1683.5748672485352,1226.549744606018,1167.6307678222656,711.0746502876282,10.0,4.5,1,1,0,0
1783928293479540400,2026-07-13 15:38:13.479541,2.134333610534668,-11.896621704101562,1479.9347877502441,1147.9129791259766,1167.6307678222656,1145.1280117034912,11.0,6.0,1,1,0,0
1783928293579535900,2026-07-13 15:38:13.579536,2.1909844875335693,-12.15492057800293,1348.913288116455,1231.147050857544,1348.913288116455,1147.9129791259766,7.0,4.0,1,1,0,0
1783928293681556200,2026-07-13 15:38:13.681556,2.2847554683685303,-12.059995651245117,1449.5433807373047,1441.2654638290405,1348.913288116455,1147.9129791259766,8.5,4.0,1,1,0,0
1783928293782086000,2026-07-13 15:38:13.782086,2.3968162536621094,-11.686688423156738,1423.739242553711,1366.227626800537,1348.913288116455,1147.9129791259766,8.5,4.5,1,1,0,0
1783928293884053400,2026-07-13 15:38:13.884053,2.4729607105255127,-12.059256553649902,1370.7229614257812,1367.5040006637573,1348.913288116455,1231.147050857544,10.5,6.0,1,1,0,0
1783928293985848200,2026-07-13 15:38:13.985848,2.5289738178253174,-12.45677661895752,1457.070541381836,1311.4477396011353,1370.7229614257812,1311.4477396011353,8.5,7.0,1,1,0,0
1783928294087155300,2026-07-13 15:38:14.087155,1.8548318147659302,-11.80653190612793,1534.5650672912598,1132.7857971191406,1370.7229614257812,1147.9129791259766,8.5,12.5,1,1,0,0
1783928294190652800,2026-07-13 15:38:14.190653,2.0714094638824463,-11.333802223205566,1414.7276878356934,1021.8597650527954,1370.7229614257812,1231.147050857544,10.0,12.5,1,1,0,0
1783928294288603100,2026-07-13 15:38:14.288603,2.1845703125,-11.918021202087402,1572.2322463989258,1095.5969095230103,1414.7276878356934,1147.9129791259766,8.5,7.5,1,1,0,0
1783928294390117900,2026-07-13 15:38:14.390118,1.937888741493225,-11.967588424682617,1755.3701400756836,1009.9917650222778,1414.7276878356934,1132.7857971191406,7.0,12.5,1,1,0,0
1783928294490360800,2026-07-13 15:38:14.490361,1.895164966583252,-10.4816312789917,1301.7281532287598,943.195104598999,1370.7229614257812,1095.5969095230103,8.5,14.5,1,1,0,0
1783928294591243300,2026-07-13 15:38:14.591243,1.7419333457946777,-10.103019714355469,1320.9850311279297,902.8459191322327,1414.7276878356934,1095.5969095230103,7.5,10.5,1,1,0,0
1783928294693033300,2026-07-13 15:38:14.693033,1.2361923456192017,-10.839184761047363,1339.5256042480469,1122.3429441452026,1370.7229614257812,1122.3429441452026,8.5,12.0,1,1,0,0
1783928294793717300,2026-07-13 15:38:14.793717,1.9662584066390991,-12.34399127960205,1603.335952758789,1070.093035697937,1370.7229614257812,1095.5969095230103,11.0,9.0,1,1,0,0
1783928294894269100,2026-07-13 15:38:14.894269,1.947574257850647,-11.771456718444824,1621.5669631958008,1148.9895582199097,1414.7276878356934,1095.5969095230103,11.0,7.0,1,1,0,0
1783928294997686300,2026-07-13 15:38:14.997686,1.6169793605804443,-10.7866792678833,1347.1363067626953,1133.5954666137695,1370.7229614257812,1122.3429441452026,9.5,5.0,1,1,0,0
1783928295095454500,2026-07-13 15:38:15.095454,1.72079598903656,-11.290278434753418,1470.8168029785156,1153.9182662963867,1414.7276878356934,1122.3429441452026,9.5,5.0,1,1,0,0
1783928295195721500,2026-07-13 15:38:15.195721,1.8013123273849487,-11.400099754333496,1630.8652877807617,1280.2637815475464,1414.7276878356934,1133.5954666137695,9.5,4.5,1,1,0,0
1783928295300428500,2026-07-13 15:38:15.300429,1.8022619485855103,-11.09964370727539,1433.244514465332,1101.902723312378,1414.7276878356934,1122.3429441452026,11.5,2.5,1,1,0,0
1783928295400256400,2026-07-13 15:38:15.400256,0.11791388690471649,-12.252379417419434,1152.038860321045,1537.0410680770874,1414.7276878356934,1133.5954666137695,12.5,5.5,1,1,0,0
1783928295504510400,2026-07-13 15:38:15.504510,0.17214243113994598,-13.067687034606934,1221.737289428711,1559.854507446289,1414.7276878356934,1133.5954666137695,5.0,2.0,1,1,0,0
1783928295605010300,2026-07-13 15:38:15.605010,1.0042953491210938,-9.35739517211914,1213.7649536132812,855.853259563446,1414.7276878356934,1122.3429441452026,10.5,0.5,1,1,0,0
1783928295704719300,2026-07-13 15:38:15.704719,1.0530697107315063,-9.049973487854004,1116.1928176879883,956.76589012146,1221.737289428711,1133.5954666137695,2.5,4.5,1,1,0,0
1783928295805147800,2026-07-13 15:38:15.805148,1.1007643938064575,-9.656275749206543,1213.999080657959,1006.0082674026489,1221.737289428711,1122.3429441452026,2.0,2.5,1,1,0,0
1783928295907954600,2026-07-13 15:38:15.907955,1.2369202375411987,-10.320396423339844,1186.9236946105957,1102.586030960083,1213.999080657959,1102.586030960083,0.5,3.5,1,1,0,0
1783928296009571200,2026-07-13 15:38:16.009571,1.6205700635910034,-10.132670402526855,1308.5002899169922,1124.488115310669,1221.737289428711,1124.488115310669,6.0,4.0,1,1,0,0
1783928296107991900,2026-07-13 15:38:16.107992,1.5967553853988647,-10.242186546325684,1324.2585182189941,1057.2633743286133,1221.737289428711,1102.586030960083,5.5,5.0,1,1,0,0
1783928296209444600,2026-07-13 15:38:16.209445,1.6511679887771606,-10.113418579101562,1326.3980865478516,1085.012674331665,1221.737289428711,1102.586030960083,9.0,5.0,1,1,0,0
1783928296310832600,2026-07-13 15:38:16.310833,1.680822730064392,-9.9027738571167,1412.6132011413574,954.0892839431763,1308.5002899169922,1102.586030960083,7.0,6.5,1,1,0,0
1783928296411485600,2026-07-13 15:38:16.411486,1.437751293182373,-9.665534973144531,1442.7796363830566,972.2278714179993,1324.2585182189941,1085.012674331665,9.5,6.5,1,1,0,0
1783928296511656100,2026-07-13 15:38:16.511656,1.4399750232696533,-9.646976470947266,1517.5296783447266,869.7469234466553,1326.3980865478516,1085.012674331665,9.5,6.5,1,1,0,0
1783928296612555900,2026-07-13 15:38:16.612556,1.4205840826034546,-10.291712760925293,1464.897632598877,1026.831865310669,1412.6132011413574,1026.831865310669,10.5,12.0,1,1,0,0
1783928296712565400,2026-07-13 15:38:16.712565,1.29366934299469,-9.172141075134277,1275.8700370788574,788.6343598365784,1324.2585182189941,1026.831865310669,9.5,8.0,1,1,0,0
1783928296814161400,2026-07-13 15:38:16.814161,1.438739538192749,-9.359606742858887,1133.728313446045,994.6438670158386,1326.3980865478516,1026.831865310669,8.5,7.0,1,1,0,0
1783928296917861600,2026-07-13 15:38:16.917862,1.2796322107315063,-8.905428886413574,1116.2962913513184,811.9676113128662,1324.2585182189941,1026.831865310669,7.5,6.0,1,1,0,0
1783928297017240400,2026-07-13 15:38:17.017240,0.6034078001976013,-9.062987327575684,945.4803466796875,728.5841703414917,1275.8700370788574,994.6438670158386,9.5,4.0,1,1,0,0
1783928297118430500,2026-07-13 15:38:17.118430,1.388379693031311,-10.580244064331055,1131.3648223876953,1056.8925142288208,1133.728313446045,1026.831865310669,2.5,3.5,1,1,0,0
1783928297221493600,2026-07-13 15:38:17.221493,1.1154206991195679,-10.905862808227539,1007.5274467468262,1159.226894378662,1131.3648223876953,1026.831865310669,8.0,1.0,1,1,0,0
1783928297321738400,2026-07-13 15:38:17.321738,1.537738561630249,-11.809572219848633,1097.8486061096191,1294.750452041626,1131.3648223876953,1026.831865310669,5.0,0.5,1,1,0,0
1783928297421104000,2026-07-13 15:38:17.421104,1.2766923904418945,-11.274578094482422,958.2749366760254,1309.2422485351562,1131.3648223876953,1056.8925142288208,3.0,1.0,1,1,0,0
1783928297522104600,2026-07-13 15:38:17.522105,1.0946708917617798,-10.760918617248535,1219.3371772766113,1159.8166227340698,1131.3648223876953,1159.226894378662,3.0,1.5,1,1,0,0
1783928297622459000,2026-07-13 15:38:17.622459,1.3455034494400024,-11.371569633483887,1301.9855499267578,1233.0912351608276,1131.3648223876953,1159.8166227340698,3.0,5.5,1,1,0,0
1783928297723620100,2026-07-13 15:38:17.723620,2.1917011737823486,-11.784862518310547,1608.9088439941406,1187.9823207855225,1131.3648223876953,1159.8166227340698,11.5,4.0,1,1,0,0
1783928297824523300,2026-07-13 15:38:17.824523,1.9756251573562622,-10.713715553283691,1549.2597579956055,1025.6085395812988,1219.3371772766113,1159.226894378662,16.0,10.0,1,1,0,0
1783928297925874000,2026-07-13 15:38:17.925874,1.6502652168273926,-10.289592742919922,1486.8324279785156,976.9790172576904,1301.9855499267578,1159.8166227340698,16.5,11.0,1,1,0,0
1783928298025073000,2026-07-13 15:38:18.025073,1.783955693244934,-10.371642112731934,1790.553092956543,923.442006111145,1486.8324279785156,1159.226894378662,15.0,11.0,1,1,0,0
1783928298125988200,2026-07-13 15:38:18.125988,1.621132254600525,-10.883879661560059,1754.8831939697266,862.8613948822021,1486.8324279785156,1025.6085395812988,16.0,13.5,1,1,0,0
1783928298227231900,2026-07-13 15:38:18.227232,2.060488700866699,-11.839329719543457,1718.0234909057617,956.3414454460144,1486.8324279785156,976.9790172576904,14.5,13.0,1,1,0,0
1783928298328940600,2026-07-13 15:38:18.328941,2.023768424987793,-11.889485359191895,1765.3066635131836,1126.8396377563477,1718.0234909057617,1126.8396377563477,14.0,10.5,1,1,0,0
1783928298430589000,2026-07-13 15:38:18.430589,2.0423388481140137,-11.228652000427246,1656.532096862793,974.4176864624023,1656.532096862793,976.9790172576904,14.5,9.5,1,1,0,0
1783928298531574800,2026-07-13 15:38:18.531575,1.920153260231018,-11.018973350524902,1666.1108016967773,974.9614000320435,1666.1108016967773,976.9790172576904,11.0,11.5,1,1,0,0
1783928298633157300,2026-07-13 15:38:18.633157,1.9745441675186157,-11.462542533874512,1689.0295028686523,1015.7226324081421,1689.0295028686523,1015.7226324081421,13.5,12.5,1,1,0,0
1783928298732490200,2026-07-13 15:38:18.732490,1.9097884893417358,-11.468306541442871,1825.7343292236328,1029.0501117706299,1666.1108016967773,976.9790172576904,15.5,4.5,1,1,0,0
1783928298835028700,2026-07-13 15:38:18.835029,2.0100185871124268,-11.824965476989746,1732.2538375854492,1056.7872524261475,1689.0295028686523,1015.7226324081421,13.0,2.0,1,1,0,0
1783928298934500800,2026-07-13 15:38:18.934501,2.006263017654419,-11.9844388961792,1755.5654525756836,1064.8077726364136,1689.0295028686523,1015.7226324081421,14.5,6.0,1,1,0,0
1783928299035618000,2026-07-13 15:38:19.035618,1.9033700227737427,-11.338080406188965,1468.3440208435059,1128.0845403671265,1666.1108016967773,1029.0501117706299,11.0,4.5,1,1,0,0
1783928299138444700,2026-07-13 15:38:19.138445,0.4866926074028015,-11.71521282196045,1395.7094192504883,1403.543472290039,1689.0295028686523,1056.7872524261475,2.5,1.5,1,1,0,0
1783928299236722700,2026-07-13 15:38:19.236723,0.07662586867809296,-11.615973472595215,1442.2770500183105,1385.5868577957153,1666.1108016967773,1064.8077726364136,5.0,2.0,1,1,0,0
1783928299338055500,2026-07-13 15:38:19.338055,1.3445218801498413,-6.663060665130615,1337.827968597412,301.50511860847473,1468.3440208435059,1029.0501117706299,8.5,8.5,1,1,0,0
1783928299441524000,2026-07-13 15:38:19.441524,1.9992742538452148,-6.651944637298584,1460.3818893432617,238.08518052101135,1460.3818893432617,1056.7872524261475,18.5,13.5,1,1,0,0
1783928299538557900,2026-07-13 15:38:19.538558,1.369275450706482,-6.720179080963135,1839.9877548217773,331.8004012107849,1666.1108016967773,1029.0501117706299,20.0,18.0,1,1,0,0
1783928299639580400,2026-07-13 15:38:19.639580,1.4044820070266724,-7.840261936187744,2251.74617767334,206.4083218574524,1468.3440208435059,331.8004012107849,25.5,16.5,1,1,0,0
1783928299740284400,2026-07-13 15:38:19.740284,0.9384147524833679,-8.366951942443848,2320.1597213745117,274.73804354667664,1666.1108016967773,331.8004012107849,28.5,18.5,1,1,0,0
1783928299841595500,2026-07-13 15:38:19.841595,0.9688079357147217,-8.550190925598145,2252.000045776367,286.3883376121521,1839.9877548217773,331.8004012107849,30.5,20.5,1,1,0,0
1783928299942131900,2026-07-13 15:38:19.942132,1.2331950664520264,-7.578068256378174,2227.1547317504883,132.0769488811493,2227.1547317504883,286.3883376121521,32.5,19.5,1,1,0,0
1783928300042476100,2026-07-13 15:38:20.042476,1.3233586549758911,-7.448148250579834,2160.54744720459,156.6590666770935,2160.54744720459,286.3883376121521,32.0,19.0,1,1,0,0
1783928300143604900,2026-07-13 15:38:20.143605,1.4176713228225708,-8.001904487609863,2207.1325302124023,190.5030757188797,2207.1325302124023,286.3883376121521,27.5,19.5,1,1,0,0
1783928300242541200,2026-07-13 15:38:20.242541,1.0180214643478394,-8.593338012695312,2348.8462448120117,334.55851674079895,2227.1547317504883,286.3883376121521,26.5,17.0,1,1,0,0
1783928300344747600,2026-07-13 15:38:20.344748,1.1032990217208862,-8.39097785949707,2301.2252807617188,358.2586646080017,2207.1325302124023,286.3883376121521,27.0,18.0,1,1,0,0
1783928300445353000,2026-07-13 15:38:20.445353,1.1311752796173096,-8.748075485229492,2358.4068298339844,435.62808632850647,2227.1547317504883,286.3883376121521,29.0,17.5,1,1,0,0
1783928300547004000,2026-07-13 15:38:20.547004,1.2532867193222046,-8.153096199035645,2169.943618774414,281.45039081573486,2227.1547317504883,286.3883376121521,27.5,18.5,1,1,0,0
1783928300647432700,2026-07-13 15:38:20.647433,0.8244941234588623,-10.153204917907715,2197.7041244506836,702.6339769363403,2207.1325302124023,286.3883376121521,20.5,13.0,1,1,0,0
1783928300749550600,2026-07-13 15:38:20.749551,0.9490981698036194,-9.792925834655762,2067.47989654541,686.8348121643066,2207.1325302124023,286.3883376121521,25.5,11.0,1,1,0,0
1783928300851555200,2026-07-13 15:38:20.851555,1.473592758178711,-9.517714500427246,1861.6676330566406,620.223879814148,2197.7041244506836,286.3883376121521,17.5,10.5,1,1,0,0
1783928300952764000,2026-07-13 15:38:20.952764,1.321419596672058,-9.340262413024902,1995.7645416259766,633.357584476471,2197.7041244506836,620.223879814148,21.5,11.5,1,1,0,0
1783928301054581900,2026-07-13 15:38:21.054582,1.697470784187317,-9.73479175567627,1910.6746673583984,688.3575320243835,2067.47989654541,620.223879814148,23.0,13.0,1,1,0,0
1783928301153019700,2026-07-13 15:38:21.153020,1.2124515771865845,-9.331015586853027,2018.6458587646484,717.2806262969971,2018.6458587646484,620.223879814148,24.0,13.0,1,1,0,0
1783928301255428800,2026-07-13 15:38:21.255429,1.1419146060943604,-9.631302833557129,2025.1581192016602,627.5951266288757,2025.1581192016602,627.5951266288757,23.5,16.5,1,1,0,0
1783928301356220000,2026-07-13 15:38:21.356220,1.0893604755401611,-9.165301322937012,2019.443130493164,542.6102876663208,2019.443130493164,620.223879814148,21.5,14.0,1,1,0,0
1783928301455545900,2026-07-13 15:38:21.455546,1.5107108354568481,-8.644587516784668,2134.9658966064453,574.9648213386536,2019.443130493164,620.223879814148,21.5,14.0,1,1,0,0
1783928301555921600,2026-07-13 15:38:21.555922,1.980336308479309,-11.600520133972168,1536.0321998596191,1093.8892364501953,2019.443130493164,627.5951266288757,9.0,1.5,1,1,0,0
1783928301656152600,2026-07-13 15:38:21.656152,2.094251871109009,-10.9996976852417,1439.7595405578613,1178.8862943649292,2019.443130493164,620.223879814148,9.0,1.0,1,1,0,0
1783928301757993800,2026-07-13 15:38:21.757994,1.8204654455184937,-10.189949035644531,1386.5233421325684,1007.1632862091064,2019.443130493164,627.5951266288757,9.5,3.0,1,1,0,0
1783928301860424900,2026-07-13 15:38:21.860425,1.598468542098999,-6.764880657196045,1445.2134132385254,404.278963804245,1536.0321998596191,627.5951266288757,8.0,9.0,1,1,0,0
1783928301958474300,2026-07-13 15:38:21.958474,1.5624990463256836,-5.990562915802002,1309.3891143798828,399.3704319000244,1445.2134132385254,620.223879814148,9.5,11.5,1,1,0,0
1783928302062398300,2026-07-13 15:38:22.062398,2.1242787837982178,-6.762274265289307,1389.200782775879,476.03103518486023,1445.2134132385254,620.223879814148,10.0,10.5,1,1,0,0
1783928302161463500,2026-07-13 15:38:22.161463,1.921770453453064,-8.670660018920898,871.9529151916504,696.7909336090088,1445.2134132385254,627.5951266288757,12.5,8.5,1,1,0,0
1783928302262640700,2026-07-13 15:38:22.262641,1.7640913724899292,-8.985932350158691,815.3285980224609,845.7655906677246,1389.200782775879,620.223879814148,15.5,17.5,1,1,0,0
1783928302362452500,2026-07-13 15:38:22.362453,1.7772539854049683,-9.472566604614258,863.6686325073242,829.4399380683899,1389.200782775879,627.5951266288757,22.5,10.5,1,1,0,0
1783928302463493700,2026-07-13 15:38:22.463494,1.873707890510559,-9.585431098937988,796.8564510345459,951.3376355171204,871.9529151916504,696.7909336090088,22.5,11.0,1,1,0,0
1783928302564727100,2026-07-13 15:38:22.564727,-0.1106395274400711,-7.400286674499512,440.71788787841797,300.7408678531647,863.6686325073242,620.223879814148,19.0,12.0,1,1,0,0
1783928302667055200,2026-07-13 15:38:22.667055,1.370391607284546,-6.955842018127441,662.2827053070068,450.1107633113861,863.6686325073242,627.5951266288757,24.5,18.5,1,1,0,0
1783928302766276300,2026-07-13 15:38:22.766276,-0.014101814478635788,-5.561050891876221,358.03911685943604,101.58423334360123,796.8564510345459,620.223879814148,26.5,20.5,1,1,0,0
1783928302870403000,2026-07-13 15:38:22.870403,0.03405945375561714,-5.718514919281006,327.89807319641113,108.2104817032814,662.2827053070068,450.1107633113861,33.0,17.5,1,1,0,0
1783928302968652000,2026-07-13 15:38:22.968652,0.03405945375561714,-5.718514919281006,327.89807319641113,108.2104817032814,662.2827053070068,450.1107633113861,31.0,20.5,1,1,0,0
1783928303070281100,2026-07-13 15:38:23.070281,-0.001055549830198288,-5.077178001403809,295.20249366760254,95.82147002220154,358.03911685943604,108.2104817032814,34.5,20.5,1,1,0,0
1783928303170723800,2026-07-13 15:38:23.170724,1.6231621503829956,-6.794360160827637,711.3785743713379,440.6953155994415,662.2827053070068,440.6953155994415,26.0,15.5,1,1,0,0
1783928303271639300,2026-07-13 15:38:23.271639,1.9653069972991943,-6.00868558883667,862.9998207092285,187.70937621593475,662.2827053070068,187.70937621593475,28.0,13.0,1,1,0,0
1783928303371677000,2026-07-13 15:38:23.371677,1.2937743663787842,-7.531397342681885,893.2649612426758,172.77109622955322,662.2827053070068,172.77109622955322,24.0,13.0,1,1,0,0
1783928303473544300,2026-07-13 15:38:23.473544,1.9950543642044067,-7.261683940887451,1081.8016052246094,300.131618976593,711.3785743713379,300.131618976593,19.0,16.5,1,1,0,0
1783928303573059100,2026-07-13 15:38:23.573059,2.0678701400756836,-6.930593490600586,1036.2825393676758,142.42376387119293,862.9998207092285,187.70937621593475,20.5,10.5,1,1,0,0
1783928303675338400,2026-07-13 15:38:23.675339,2.659135580062866,-8.454258918762207,1104.551887512207,629.2458176612854,893.2649612426758,187.70937621593475,25.0,15.5,1,1,0,0
1783928303776411200,2026-07-13 15:38:23.776411,1.3262120485305786,-9.719118118286133,626.2925148010254,647.5532650947571,711.3785743713379,300.131618976593,20.0,12.5,1,1,0,0
1783928303876890900,2026-07-13 15:38:23.876891,2.988766670227051,-11.254355430603027,1158.6342811584473,1337.8956317901611,893.2649612426758,300.131618976593,25.0,15.0,1,1,0,0
1783928303979482600,2026-07-13 15:38:23.979483,1.8226652145385742,-9.613851547241211,827.5825500488281,747.9351758956909,893.2649612426758,629.2458176612854,20.0,10.0,1,1,0,0
1783928304080535300,2026-07-13 15:38:24.080535,1.3646531105041504,-9.4547700881958,732.786226272583,607.2011590003967,732.786226272583,607.2011590003967,25.0,10.5,1,1,0,0
1783928304180193100,2026-07-13 15:38:24.180193,2.1268045902252197,-10.13974666595459,961.3158226013184,845.936119556427,893.2649612426758,629.2458176612854,24.0,16.5,1,1,0,0
1783928304281241800,2026-07-13 15:38:24.281242,1.7647318840026855,-10.890971183776855,896.5728759765625,1121.2791204452515,893.2649612426758,629.2458176612854,22.0,14.0,1,1,0,0
1783928304381227000,2026-07-13 15:38:24.381227,2.6409289836883545,-10.985445976257324,1124.0387916564941,1204.9893140792847,893.2649612426758,629.2458176612854,23.5,15.0,1,1,0,0
1783928304480366100,2026-07-13 15:38:24.480366,1.87064790725708,-11.303614616394043,943.7803268432617,1110.0401878356934,896.5728759765625,845.936119556427,25.0,12.0,1,1,0,0
1783928304582035700,2026-07-13 15:38:24.582036,2.37176513671875,-11.521573066711426,1017.9567337036133,1238.3428812026978,896.5728759765625,1110.0401878356934,18.0,14.5,1,1,0,0
1783928304682412600,2026-07-13 15:38:24.682413,1.9380966424942017,-9.328336715698242,1297.5797653198242,1080.6636810302734,943.7803268432617,1080.6636810302734,15.0,9.0,1,1,0,0
1783928304783613400,2026-07-13 15:38:24.783613,2.097684144973755,-9.587623596191406,1277.8546333312988,1036.7122888565063,943.7803268432617,1036.7122888565063,15.0,9.5,1,1,0,0
1783928304884747500,2026-07-13 15:38:24.884748,1.8566898107528687,-11.112712860107422,1122.6946830749512,1083.9217901229858,1017.9567337036133,1083.9217901229858,15.5,7.0,1,1,0,0
1783928304985254000,2026-07-13 15:38:24.985254,1.5647777318954468,-10.73119068145752,1211.92626953125,1010.8810663223267,1122.6946830749512,1080.6636810302734,15.0,5.5,1,1,0,0
1783928305086899600,2026-07-13 15:38:25.086900,1.9890371561050415,-11.235162734985352,1510.404396057129,1177.467703819275,1122.6946830749512,1080.6636810302734,7.5,6.5,1,1,0,0
1783928305190520300,2026-07-13 15:38:25.190520,2.018904447555542,-12.44991397857666,1220.0017929077148,1247.9159832000732,1122.6946830749512,1083.9217901229858,15.5,4.5,1,1,0,0
1783928305290960300,2026-07-13 15:38:25.290960,2.0360991954803467,-11.424092292785645,1368.5535430908203,1217.6084518432617,1211.92626953125,1083.9217901229858,15.0,2.0,1,1,0,0
1783928305390794200,2026-07-13 15:38:25.390794,1.9725207090377808,-11.19754695892334,1280.2128791809082,1376.7902851104736,1220.0017929077148,1177.467703819275,11.5,4.5,1,1,0,0
1783928305491957100,2026-07-13 15:38:25.491957,2.070913314819336,-11.458847045898438,1170.1065063476562,1122.2447156906128,1170.1065063476562,1122.2447156906128,13.5,7.0,1,1,0,0
1783928305593208300,2026-07-13 15:38:25.593208,1.9682673215866089,-11.469653129577637,1299.149990081787,1174.220085144043,1220.0017929077148,1174.220085144043,11.0,3.5,1,1,0,0
1783928305693036200,2026-07-13 15:38:25.693036,2.1483664512634277,-12.050158500671387,1282.409954071045,1259.0210437774658,1220.0017929077148,1177.467703819275,13.0,7.0,1,1,0,0
1783928305794858900,2026-07-13 15:38:25.794859,1.5514028072357178,-11.615133285522461,1384.6259117126465,1067.678689956665,1220.0017929077148,1122.2447156906128,14.5,8.5,1,1,0,0
1783928305895699800,2026-07-13 15:38:25.895700,2.1087048053741455,-12.592785835266113,1294.42777633667,1369.3774938583374,1282.409954071045,1174.220085144043,5.5,5.0,1,1,0,0
1783928305997267300,2026-07-13 15:38:25.997267,1.822213888168335,-13.144124031066895,1197.2894668579102,1294.8994636535645,1220.0017929077148,1177.467703819275,13.0,8.0,1,1,0,0
1783928306097781900,2026-07-13 15:38:26.097782,1.7912856340408325,-13.056670188903809,1192.7629470825195,1478.2345294952393,1220.0017929077148,1177.467703819275,6.5,8.0,1,1,0,0
1783928306198282700,2026-07-13 15:38:26.198283,2.3277289867401123,-12.687857627868652,1460.4775428771973,1408.4866046905518,1282.409954071045,1294.8994636535645,10.5,7.0,1,1,0,0
1783928306300522200,2026-07-13 15:38:26.300522,2.142890691757202,-11.917610168457031,1344.9383735656738,1336.1883163452148,1220.0017929077148,1294.8994636535645,11.5,7.0,1,1,0,0
1783928306399362400,2026-07-13 15:38:26.399362,1.9030827283859253,-11.534756660461426,1357.0683479309082,1198.445439338684,1282.409954071045,1198.445439338684,9.0,4.5,1,1,0,0
1783928306500092300,2026-07-13 15:38:26.500093,2.262085199356079,-11.473748207092285,1308.1185340881348,1225.710391998291,1308.1185340881348,1294.8994636535645,11.0,7.0,1,1,0,0
1783928306600936700,2026-07-13 15:38:26.600937,2.2735869884490967,-12.01663875579834,1182.4918746948242,1293.8380241394043,1220.0017929077148,1293.8380241394043,12.5,7.0,1,1,0,0
1783928306704732700,2026-07-13 15:38:26.704733,2.3229427337646484,-11.686660766601562,1292.4724578857422,1199.0923881530762,1292.4724578857422,1199.0923881530762,13.0,8.0,1,1,0,0
1783928306803184900,2026-07-13 15:38:26.803185,2.464993476867676,-12.545011520385742,1367.8041458129883,1354.5209169387817,1308.1185340881348,1294.8994636535645,4.5,10.0,1,1,0,0
1783928306906524500,2026-07-13 15:38:26.906524,2.192446708679199,-11.433757781982422,1394.5018768310547,1339.5100831985474,1292.4724578857422,1293.8380241394043,7.5,6.0,1,1,0,0
1783928307006631400,2026-07-13 15:38:27.006631,1.947910189628601,-10.74030876159668,1385.7903480529785,1192.6183700561523,1308.1185340881348,1199.0923881530762,9.0,7.5,1,1,0,0
1783928307104738700,2026-07-13 15:38:27.104739,2.1150176525115967,-11.310969352722168,1472.7420806884766,1487.2924089431763,1367.8041458129883,1294.8994636535645,3.0,9.0,1,1,0,0
1783928307209275800,2026-07-13 15:38:27.209276,1.8989235162734985,-10.330474853515625,1445.900058746338,1269.8906660079956,1385.7903480529785,1293.8380241394043,4.5,5.0,1,1,0,0
1783928307309173000,2026-07-13 15:38:27.309173,2.026719093322754,-10.85971736907959,1527.0074844360352,1316.2633180618286,1385.7903480529785,1293.8380241394043,5.5,9.0,1,1,0,0
1783928307407462700,2026-07-13 15:38:27.407463,1.8204869031906128,-9.93411922454834,1541.1032676696777,1069.5466995239258,1445.900058746338,1293.8380241394043,9.0,6.0,1,1,0,0
1783928307508433300,2026-07-13 15:38:27.508433,1.8886221647262573,-9.396647453308105,1437.0036125183105,866.0090565681458,1437.0036125183105,1293.8380241394043,12.5,7.0,1,1,0,0
1783928307610291400,2026-07-13 15:38:27.610291,2.1724071502685547,-10.42248249053955,1520.6887245178223,1018.985390663147,1445.900058746338,1293.8380241394043,12.5,9.0,1,1,0,0
1783928307710485700,2026-07-13 15:38:27.710486,2.3910202980041504,-11.152894973754883,1501.7151832580566,1028.2928943634033,1445.900058746338,1069.5466995239258,14.0,9.0,1,1,0,0
1783928307811861300,2026-07-13 15:38:27.811861,2.249288320541382,-11.019705772399902,1488.8420104980469,987.2113466262817,1445.900058746338,1028.2928943634033,14.5,14.0,1,1,0,0
1783928307912720800,2026-07-13 15:38:27.912721,1.8355523347854614,-10.195984840393066,1498.9286422729492,833.8817954063416,1488.8420104980469,1028.2928943634033,12.0,14.0,1,1,0,0
1783928308014434300,2026-07-13 15:38:28.014434,2.096498727798462,-10.882691383361816,1701.4286041259766,826.8392086029053,1488.8420104980469,1028.2928943634033,16.5,13.5,1,1,0,0
1783928308117807600,2026-07-13 15:38:28.117808,1.902769923210144,-9.605493545532227,1608.7017059326172,702.2024393081665,1488.8420104980469,987.2113466262817,12.5,10.5,1,1,0,0
1783928308217566100,2026-07-13 15:38:28.217566,1.5138047933578491,-8.464995384216309,1633.2529067993164,480.7611405849457,1498.9286422729492,833.8817954063416,12.5,13.5,1,1,0,0
1783928308317360900,2026-07-13 15:38:28.317361,1.2760319709777832,-9.01391887664795,1824.142074584961,472.9757308959961,1608.7017059326172,826.8392086029053,22.0,17.0,1,1,0,0
1783928308418059000,2026-07-13 15:38:28.418059,1.5436395406723022,-9.253273963928223,1744.0282821655273,651.930034160614,1608.7017059326172,702.2024393081665,19.0,9.0,1,1,0,0
1783928308520366600,2026-07-13 15:38:28.520367,1.766885757446289,-9.66225814819336,1762.662124633789,666.4538383483887,1633.2529067993164,666.4538383483887,18.0,9.0,1,1,0,0
1783928308620457400,2026-07-13 15:38:28.620457,1.3906468152999878,-8.824874877929688,1775.1924514770508,656.632661819458,1744.0282821655273,666.4538383483887,19.0,11.0,1,1,0,0
1783928308722910400,2026-07-13 15:38:28.722910,1.3300018310546875,-9.606701850891113,1988.3459091186523,643.4235572814941,1744.0282821655273,666.4538383483887,22.0,14.5,1,1,0,0
1783928308823901100,2026-07-13 15:38:28.823901,1.2870665788650513,-9.512314796447754,1964.1597747802734,661.7041230201721,1762.662124633789,666.4538383483887,23.0,10.5,1,1,0,0
1783928308926030400,2026-07-13 15:38:28.926030,1.523607611656189,-9.794288635253906,1945.3954696655273,722.6819396018982,1775.1924514770508,666.4538383483887,21.0,8.5,1,1,0,0
1783928309025115600,2026-07-13 15:38:29.025116,2.0823168754577637,-11.416600227355957,2056.513023376465,1008.2604885101318,1945.3954696655273,666.4538383483887,18.5,12.0,1,1,0,0
1783928309129247200,2026-07-13 15:38:29.129247,1.908094048500061,-11.586492538452148,2064.0119552612305,924.1089820861816,1945.3954696655273,666.4538383483887,19.0,10.5,1,1,0,0
1783928309227005800,2026-07-13 15:38:29.227006,2.4093451499938965,-11.474507331848145,1861.6605758666992,993.7267303466797,1861.6605758666992,722.6819396018982,15.0,9.0,1,1,0,0
1783928309327294100,2026-07-13 15:38:29.327294,2.034583568572998,-11.384268760681152,2031.8758010864258,936.1236691474915,1945.3954696655273,924.1089820861816,13.5,10.5,1,1,0,0
1783928309430772400,2026-07-13 15:38:29.430773,2.286220073699951,-11.244379997253418,1545.5986022949219,1204.9280405044556,1945.3954696655273,924.1089820861816,9.0,7.0,1,1,0,0
1783928309529354200,2026-07-13 15:38:29.529354,1.8413960933685303,-9.741169929504395,1477.7925491333008,917.9617762565613,1861.6605758666992,917.9617762565613,8.5,7.5,1,1,0,0
1783928309629574700,2026-07-13 15:38:29.629575,1.8301279544830322,-10.56372356414795,1718.6582565307617,1093.4455394744873,1861.6605758666992,924.1089820861816,9.0,8.5,1,1,0,0
1783928309733756500,2026-07-13 15:38:29.733756,1.509867548942566,-10.2875394821167,1601.938819885254,956.7972421646118,1718.6582565307617,924.1089820861816,5.0,7.0,1,1,0,0
1783928309830498100,2026-07-13 15:38:29.830498,1.5599095821380615,-10.43828010559082,1543.3998107910156,1091.3851261138916,1718.6582565307617,924.1089820861816,4.5,8.0,1,1,0,0
1783928309932559000,2026-07-13 15:38:29.932559,1.6454155445098877,-10.668856620788574,1565.0052070617676,1243.70539188385,1718.6582565307617,956.7972421646118,4.0,10.5,1,1,0,0
1783928310031347000,2026-07-13 15:38:30.031347,1.9285703897476196,-11.180896759033203,1638.2633209228516,1260.0678205490112,1638.2633209228516,956.7972421646118,11.0,8.5,1,1,0,0
1783928310132223200,2026-07-13 15:38:30.132223,1.6996309757232666,-10.448060989379883,1441.9610977172852,1091.6798114776611,1638.2633209228516,1091.3851261138916,9.5,6.0,1,1,0,0
1783928310232515500,2026-07-13 15:38:30.232516,1.8874225616455078,-10.403729438781738,1381.4251899719238,1096.0712432861328,1638.2633209228516,1091.6798114776611,8.5,5.5,1,1,0,0
1783928310332894800,2026-07-13 15:38:30.332895,1.293130874633789,-9.96718692779541,1282.0870399475098,1055.2011728286743,1638.2633209228516,1055.2011728286743,11.5,0.0,1,1,0,0
1783928310433849500,2026-07-13 15:38:30.433850,1.123333215713501,-8.628985404968262,1222.927188873291,793.3511137962341,1441.9610977172852,1091.3851261138916,11.5,3.0,1,1,0,0
1783928310535588600,2026-07-13 15:38:30.535589,1.146714210510254,-9.196206092834473,1205.9218406677246,887.5423073768616,1381.4251899719238,1055.2011728286743,9.0,0.5,1,1,0,0
1783928310635921000,2026-07-13 15:38:30.635921,1.7484771013259888,-10.553592681884766,1463.7019157409668,1138.4814977645874,1463.7019157409668,1055.2011728286743,7.5,4.5,1,1,0,0
1783928310738635600,2026-07-13 15:38:30.738636,1.4110780954360962,-9.168774604797363,1600.6935119628906,707.4163556098938,1441.9610977172852,1055.2011728286743,15.0,6.0,1,1,0,0
1783928310836490700,2026-07-13 15:38:30.836491,1.5840814113616943,-9.178056716918945,1506.4640045166016,861.5215420722961,1463.7019157409668,1055.2011728286743,15.5,9.0,1,1,0,0
1783928310939483200,2026-07-13 15:38:30.939483,1.7394301891326904,-9.640887260437012,1564.5668029785156,844.2713022232056,1463.7019157409668,1055.2011728286743,16.0,7.0,1,1,0,0
1783928311038572500,2026-07-13 15:38:31.038573,1.3250161409378052,-9.371394157409668,1359.6725463867188,875.4629492759705,1441.9610977172852,875.4629492759705,15.5,9.0,1,1,0,0
1783928311140867400,2026-07-13 15:38:31.140867,1.038220763206482,-8.638908386230469,1344.3292617797852,778.0203819274902,1463.7019157409668,875.4629492759705,10.0,7.5,1,1,0,0
1783928311240503800,2026-07-13 15:38:31.240504,1.1226894855499268,-8.904739379882812,1190.1345252990723,698.4691619873047,1441.9610977172852,875.4629492759705,8.5,6.0,1,1,0,0
1783928311342382400,2026-07-13 15:38:31.342382,1.0632737874984741,-9.361246109008789,1307.180404663086,748.4652400016785,1359.6725463867188,875.4629492759705,8.5,3.5,1,1,0,0
1783928311442821500,2026-07-13 15:38:31.442821,1.1857484579086304,-9.733325958251953,1372.838020324707,788.239598274231,1372.838020324707,788.239598274231,8.5,3.5,1,1,0,0
1783928311543715400,2026-07-13 15:38:31.543715,1.7320795059204102,-10.021307945251465,1431.5563201904297,892.7101492881775,1431.5563201904297,875.4629492759705,8.5,2.5,1,1,0,0
1783928311644651100,2026-07-13 15:38:31.644651,1.7734068632125854,-10.673680305480957,1351.203441619873,1088.5279178619385,1359.6725463867188,875.4629492759705,9.0,6.0,1,1,0,0
1783928311746047000,2026-07-13 15:38:31.746047,1.684482455253601,-10.11144733428955,1343.7504768371582,994.144082069397,1372.838020324707,875.4629492759705,9.5,5.5,1,1,0,0
1783928311846975400,2026-07-13 15:38:31.846976,1.6115177869796753,-9.299460411071777,1397.6910591125488,787.8300547599792,1397.6910591125488,875.4629492759705,10.0,9.5,1,1,0,0
1783928311947739300,2026-07-13 15:38:31.947739,1.869647741317749,-9.939465522766113,1377.500057220459,902.7551412582397,1372.838020324707,875.4629492759705,10.0,4.5,1,1,0,0
1783928312050282000,2026-07-13 15:38:32.050282,1.869647741317749,-9.939465522766113,1377.500057220459,902.7551412582397,1377.500057220459,875.4629492759705,11.5,9.5,1,1,0,0
1783928312150106000,2026-07-13 15:38:32.150106,1.5990164279937744,-9.732598304748535,1415.6140327453613,945.1426863670349,1397.6910591125488,875.4629492759705,10.5,13.5,1,1,0,0
1783928312251449600,2026-07-13 15:38:32.251450,1.531809687614441,-8.815027236938477,1389.8014068603516,754.622220993042,1377.500057220459,875.4629492759705,14.5,13.0,1,1,0,0
1783928312351851400,2026-07-13 15:38:32.351851,1.531809687614441,-8.815027236938477,1389.8014068603516,754.622220993042,1389.8014068603516,875.4629492759705,13.5,13.0,1,1,0,0
1783928312455760700,2026-07-13 15:38:32.455761,1.8413656949996948,-10.332385063171387,1559.676742553711,1169.7973012924194,1397.6910591125488,875.4629492759705,6.5,8.0,1,1,0,0
1783928312555918100,2026-07-13 15:38:32.555918,1.7618459463119507,-10.274979591369629,1540.511131286621,1192.295789718628,1389.8014068603516,875.4629492759705,4.5,7.0,1,1,0,0
1783928312656177600,2026-07-13 15:38:32.656178,1.6258368492126465,-10.308117866516113,1537.7814292907715,1165.0097370147705,1397.6910591125488,875.4629492759705,2.0,5.5,1,1,0,0
1783928312757105900,2026-07-13 15:38:32.757106,1.7750189304351807,-9.83655834197998,1484.3635559082031,1021.391749382019,1484.3635559082031,1021.391749382019,10.5,9.0,1,1,0,0
1783928312858126800,2026-07-13 15:38:32.858127,1.793666124343872,-11.078761100769043,1559.6458435058594,1071.9349384307861,1484.3635559082031,1021.391749382019,8.5,9.0,1,1,0,0
1783928312960621800,2026-07-13 15:38:32.960622,1.81900155544281,-11.057364463806152,1477.193546295166,1094.3176746368408,1477.193546295166,1021.391749382019,11.0,9.0,1,1,0,0
1783928313061307500,2026-07-13 15:38:33.061307,1.8065459728240967,-11.21343994140625,1667.6511764526367,1035.6324911117554,1484.3635559082031,1021.391749382019,15.5,7.0,1,1,0,0
1783928313162663500,2026-07-13 15:38:33.162663,1.6449353694915771,-9.186079978942871,1470.6311225891113,835.4542255401611,1484.3635559082031,1021.391749382019,12.5,9.0,1,1,0,0
1783928313263970000,2026-07-13 15:38:33.263970,1.8087092638015747,-9.162936210632324,1467.2176361083984,841.8868780136108,1477.193546295166,1021.391749382019,10.0,9.5,1,1,0,0
1783928313364780000,2026-07-13 15:38:33.364780,1.9169586896896362,-9.906771659851074,1546.7838287353516,1138.0709409713745,1484.3635559082031,1021.391749382019,3.5,13.0,1,1,0,0
1783928313464419200,2026-07-13 15:38:33.464419,2.1276040077209473,-10.76699161529541,1510.9804153442383,1306.1352968215942,1484.3635559082031,1021.391749382019,9.0,8.0,1,1,0,0
1783928313565927300,2026-07-13 15:38:33.565928,1.81887686252594,-9.232501029968262,1468.282699584961,861.7658615112305,1477.193546295166,1021.391749382019,4.0,13.0,1,1,0,0
1783928313666088700,2026-07-13 15:38:33.666089,2.081725835800171,-10.485302925109863,1451.5111923217773,1252.0747184753418,1484.3635559082031,1021.391749382019,5.5,8.0,1,1,0,0
1783928313766791900,2026-07-13 15:38:33.766792,1.7326585054397583,-10.7677001953125,1445.9107398986816,1152.166485786438,1477.193546295166,1021.391749382019,0.0,8.5,1,1,0,0
1783928313871712100,2026-07-13 15:38:33.871712,1.7326585054397583,-10.7677001953125,1445.9107398986816,1152.166485786438,1468.282699584961,1021.391749382019,0.0,7.5,1,1,0,0
1783928313969467700,2026-07-13 15:38:33.969468,1.6935786008834839,-10.458586692810059,1465.2539253234863,1176.4355897903442,1465.2539253234863,1152.166485786438,0.5,7.5,1,1,0,0
1783928314070445900,2026-07-13 15:38:34.070446,1.4700751304626465,-7.934656143188477,1380.6642532348633,497.7351427078247,1465.2539253234863,1021.391749382019,9.0,8.5,1,1,0,0
1783928314172527300,2026-07-13 15:38:34.172527,1.736812710762024,-8.458995819091797,1408.6483001708984,600.703239440918,1465.2539253234863,1021.391749382019,11.5,8.5,1,1,0,0
1783928314272509200,2026-07-13 15:38:34.272509,1.7301431894302368,-8.628851890563965,1696.2162017822266,437.1720552444458,1465.2539253234863,1021.391749382019,17.0,10.0,1,1,0,0
1783928314372248400,2026-07-13 15:38:34.372248,1.751507043838501,-8.55147647857666,1854.7346115112305,500.8230209350586,1465.2539253234863,600.703239440918,17.0,17.0,1,1,0,0
1783928314474551800,2026-07-13 15:38:34.474552,1.8552888631820679,-9.229433059692383,1725.2948760986328,629.681408405304,1465.2539253234863,629.681408405304,18.0,18.5,1,1,0,0
1783928314575080400,2026-07-13 15:38:34.575080,1.8126115798950195,-8.7073392868042,1642.6347732543945,605.2436828613281,1642.6347732543945,605.2436828613281,14.0,10.0,1,1,0,0
1783928314677247400,2026-07-13 15:38:34.677248,2.1180272102355957,-8.711031913757324,1512.5062942504883,641.0787105560303,1512.5062942504883,605.2436828613281,15.5,10.0,1,1,0,0
1783928314776710500,2026-07-13 15:38:34.776711,2.0522193908691406,-8.787516593933105,1545.5708503723145,600.6066203117371,1545.5708503723145,605.2436828613281,14.5,12.0,1,1,0,0
1783928314877103900,2026-07-13 15:38:34.877104,1.6992050409317017,-8.430537223815918,1623.0310440063477,532.8018665313721,1623.0310440063477,605.2436828613281,16.0,11.5,1,1,0,0
1783928314980328600,2026-07-13 15:38:34.980329,1.3857276439666748,-9.378763198852539,1843.5256958007812,640.9266591072083,1545.5708503723145,605.2436828613281,16.5,6.0,1,1,0,0
1783928315078665800,2026-07-13 15:38:35.078666,2.1026411056518555,-11.547928810119629,1894.0496444702148,1080.8751583099365,1623.0310440063477,605.2436828613281,15.0,14.0,1,1,0,0
1783928315180398900,2026-07-13 15:38:35.180399,2.0727834701538086,-11.402810096740723,1784.7286224365234,1011.8112564086914,1623.0310440063477,605.2436828613281,15.0,12.5,1,1,0,0
1783928315280117700,2026-07-13 15:38:35.280118,1.6626312732696533,-10.059185981750488,1569.1999435424805,868.3181405067444,1569.1999435424805,640.9266591072083,16.0,7.0,1,1,0,0
1783928315383317100,2026-07-13 15:38:35.383317,1.5158497095108032,-8.293774604797363,1734.715461730957,385.0632607936859,1623.0310440063477,605.2436828613281,19.5,10.5,1,1,0,0
1783928315480504100,2026-07-13 15:38:35.480504,1.7905038595199585,-8.752678871154785,1754.041862487793,468.0304825305939,1623.0310440063477,605.2436828613281,19.0,14.0,1,1,0,0
1783928315581556200,2026-07-13 15:38:35.581556,1.6194838285446167,-7.849816799163818,1886.3771438598633,233.7590605020523,1623.0310440063477,605.2436828613281,24.5,14.0,1,1,0,0
1783928315683936000,2026-07-13 15:38:35.683936,1.7874391078948975,-7.398457050323486,1767.8918838500977,94.9602946639061,1734.715461730957,468.0304825305939,27.5,15.5,1,1,0,0
1783928315783941100,2026-07-13 15:38:35.783941,1.1399149894714355,-7.659224510192871,2083.793067932129,203.93572747707367,1754.041862487793,468.0304825305939,28.0,17.5,1,1,0,0
1783928315885289600,2026-07-13 15:38:35.885289,1.6590656042099,-8.059442520141602,1988.1486892700195,198.96288216114044,1767.8918838500977,233.7590605020523,27.5,16.0,1,1,0,0
1783928315985865700,2026-07-13 15:38:35.985866,0.8257692456245422,-8.194268226623535,2127.085494995117,333.37971568107605,1767.8918838500977,333.37971568107605,28.0,15.5,1,1,0,0
1783928316086587400,2026-07-13 15:38:36.086587,1.3481823205947876,-7.712396621704102,1842.8720474243164,247.34531342983246,1842.8720474243164,247.34531342983246,29.5,15.5,1,1,0,0
1783928316187910100,2026-07-13 15:38:36.187910,1.0820540189743042,-8.740232467651367,2058.600616455078,509.2880129814148,1842.8720474243164,247.34531342983246,27.5,21.5,1,1,0,0
1783928316290881800,2026-07-13 15:38:36.290882,1.3490580320358276,-9.7390718460083,1915.9887313842773,678.4628033638,1842.8720474243164,333.37971568107605,26.0,17.0,1,1,0,0
1783928316390178000,2026-07-13 15:38:36.390178,1.4299110174179077,-9.660393714904785,2047.613525390625,612.2640371322632,1842.8720474243164,333.37971568107605,27.5,12.5,1,1,0,0
1783928316489209300,2026-07-13 15:38:36.489209,1.6317493915557861,-9.091480255126953,1869.2750930786133,355.79442977905273,1869.2750930786133,355.79442977905273,24.0,12.5,1,1,0,0
1783928316591449100,2026-07-13 15:38:36.591449,1.0521297454833984,-9.988232612609863,2040.2118682861328,678.196907043457,1869.2750930786133,355.79442977905273,23.5,17.0,1,1,0,0
1783928316693139400,2026-07-13 15:38:36.693140,1.0974873304367065,-9.191479682922363,2037.4134063720703,524.5171785354614,1869.2750930786133,355.79442977905273,24.0,16.5,1,1,0,0
1783928316793364900,2026-07-13 15:38:36.793365,1.2268140316009521,-8.100116729736328,2108.670997619629,241.08530580997467,1869.2750930786133,355.79442977905273,26.0,23.0,1,1,0,0
1783928316895979600,2026-07-13 15:38:36.895979,1.4242353439331055,-7.675682067871094,2069.6828842163086,212.85861730575562,2037.4134063720703,355.79442977905273,30.5,18.0,1,1,0,0
